Date,Coal.Australia,Coal.SA,CrudeOil,Fuel.Index,NaturalGas,Coal.Producer.Index,Gold,Silver,Copper,IronOre,CrudeOil.Index,Metal.Index,NonFuel.Index,Commodity.Index,CLI,CCI,BCI
1/1/1992,39.5,31,17.38,23.71,1.28,93.6,354.45,4.11,2139.23,33.1,40.23,35.59,48.4,50.72,99.20515,99.3652,99.32731
2/1/1992,39.5,31,17.62,23.83,1.21,93.8,353.91,4.15,2205.97,33.1,41.09,37.12,48.71,50.72,99.22767,99.46713,99.51028
3/1/1992,39.5,31,17.45,23.79,1.28,93.6,344.34,4.11,2227.33,33.1,41.17,37.41,48.74,50.75,99.25694,99.6266,99.67402
4/1/1992,39.5,31,18.63,25.24,1.47,94.1,338.62,4.05,2215.33,33.1,44.09,38,48.45,51.17,99.26983,99.72688,99.74699
5/1/1992,39.5,31,19.5,26.33,1.59,94.7,337.24,4.07,2216.52,33.1,45.57,37.99,48.57,52.64,99.23967,99.75301,99.7746
6/1/1992,39.5,29,20.83,27.73,1.56,94.4,340.81,4.06,2299.2,33.1,47.92,38.08,48.74,52.85,99.15639,99.6883,99.6772
7/1/1992,39.5,27,20.17,27.29,1.75,94.2,352.72,3.97,2520.32,33.1,45.31,39.76,48.96,52.52,99.03101,99.54182,99.51376
8/1/1992,39.5,27,19.62,27,1.97,94.2,343.06,3.81,2521.64,33.1,43.65,39.66,48.74,52.58,98.88904,99.37699,99.30238
9/1/1992,39.5,27,20.15,28.05,2.33,93.6,345.43,3.77,2414.06,33.1,44.89,38.52,48.08,53.01,98.76494,99.24114,99.07809
10/1/1992,37.25,27,20.08,28.02,2.42,93.9,344.38,3.75,2249.15,33.1,45.26,35.75,46.58,52.5,98.67582,99.20911,98.94502
11/1/1992,35,27,18.88,26.4,2.24,93.7,335.02,3.77,2158.32,33.1,44.15,34.52,46.53,50.37,98.62834,99.34055,98.91339
12/1/1992,35,27,17.93,25.28,2.16,94.1,334.82,3.73,2206.82,33.1,41.83,35.44,46.85,50.41,98.61356,99.48464,98.91892
1/1/1993,35,27,17.22,24.21,1.88,93,329.01,3.68,2256.85,29.09,40.55,35.25,47.29,49.83,98.60944,99.5479,98.93158
2/1/1993,31,27,18.17,24.77,1.69,93.4,329.31,3.66,2212.6,29.09,43.04,35,47.47,50.35,98.60686,99.53298,98.90271
3/1/1993,31,27,18.47,25.74,2.18,93.2,330.08,3.65,2152.59,29.09,43.42,33.88,47.52,51.75,98.60126,99.49699,98.82568
4/1/1993,31,27,18.43,25.89,2.35,92.9,342.15,3.95,1949.88,29.09,42.29,32.34,47.8,52.01,98.60117,99.44501,98.73563
5/1/1993,31,27,18.17,25.37,2.17,92.7,367.18,4.46,1794.5,29.09,41.56,31.6,48.66,52.12,98.61313,99.32729,98.6899
6/1/1993,31,27,17.47,24.35,1.97,93.1,371.89,4.38,1853.42,29.09,39.91,32.17,48.13,50.7,98.64982,99.18772,98.64724
7/1/1993,31,27,16.32,23.23,2.06,92.9,392.19,5.02,1927.16,29.09,38.14,32.8,49.72,50.61,98.73051,99.07281,98.6546
8/1/1993,31,27,16.48,23.66,2.26,93.1,378.84,4.84,1947.45,29.09,37.97,32.32,49.4,50.43,98.85896,99.03703,98.73613
9/1/1993,31,27,15.9,23.04,2.27,93.2,355.28,4.22,1861.86,29.09,36.11,30.98,48.92,49.47,99.02811,99.07306,98.89093
10/1/1993,31,27,16.52,23.36,2.02,94.4,364.18,4.34,1646.4,29.09,37.83,29.68,48.61,49.52,99.2308,99.17727,99.08836
11/1/1993,31,27,15.2,22.27,2.26,94.1,373.83,4.53,1630.02,29.09,35.18,29.12,49.17,48.81,99.45174,99.35304,99.25938
12/1/1993,31,26.5,13.77,,2.34,94,383.3,4.97,1724.19,29.09,31.29,30.6,50.39,49.08,99.68195,99.64664,99.38007
1/1/1994,31,27,14.13,21.13,2.34,93.8,386.88,5.15,1805.35,26.47,33.44,31.91,50.86,49.87,99.90467,99.94802,99.47547
2/1/1994,31,27,13.78,21.19,2.71,92.5,381.91,5.25,1866.4,26.47,32.12,33.48,51.46,50.69,100.0978,100.1311,99.57114
3/1/1994,29.5,27,13.62,20.29,2.21,92.6,384.13,5.44,1914.87,26.47,31.64,33.78,51.48,50.3,100.2636,100.2321,99.6971
4/1/1994,29.5,27,15.08,21.63,2.04,93,377.27,5.35,1881.82,26.47,34.97,33.38,51.51,50.99,100.4088,100.335,99.85211
5/1/1994,31.4,27,16.28,22.84,1.92,93.2,381.43,5.42,2150.6,26.47,37.64,35.64,53.43,52.4,100.5464,100.4502,100.0307
6/1/1994,33.6,28.5,17.17,23.87,1.9,92,385.64,5.39,2364.2,26.47,39.14,37.83,54.78,53.31,100.687,100.5572,100.2287
7/1/1994,33.1,28.5,17.88,24.72,1.96,92.1,385.49,5.28,2458.19,26.47,40.14,39.43,56.9,54.59,100.8212,100.6496,100.4305
8/1/1994,33.1,28.5,17,23.41,1.66,92.7,380.36,5.2,2406.23,26.47,37.84,38.52,56.82,53.54,100.9337,100.7597,100.6219
9/1/1994,33.1,29,16.2,22.35,1.49,94.3,391.58,5.52,2505.93,26.47,35.72,40.75,58.51,53.6,100.99,100.8504,100.7765
10/1/1994,33.1,30.75,16.47,22.7,1.51,95,389.77,5.45,2547.67,26.47,36.16,42.85,57.83,54.17,100.9686,100.9067,100.8733
11/1/1994,33.1,30.5,17.08,23.46,1.58,94.9,384.39,5.19,2802.45,26.47,37.91,47.11,59.24,54.27,100.8579,100.9206,100.9078
12/1/1994,36.1,32,15.94,22.56,1.72,92,379.29,4.78,2985.3,26.47,36.03,48.11,59.91,55.3,100.6563,100.9206,100.8911
1/1/1995,37.1,34,16.9,23.41,1.51,88.4,378.55,4.77,3008.93,28.38,37.31,51.23,61.05,55.97,100.3866,100.8881,100.8508
2/1/1995,37.6,34.5,17.42,24.08,1.58,91.3,376.64,4.72,2877.65,28.38,38.27,48.01,60.64,56.35,100.1021,100.7601,100.7245
3/1/1995,38.35,34.75,17.35,23.99,1.54,93.7,382.12,4.65,2924.04,28.38,36.64,46.51,60.17,56.95,99.8407,100.6039,100.5116
4/1/1995,37.1,35,18.65,25.46,1.62,92.6,,5.48,2903.5,28.38,38.6,47.03,59.93,57.48,99.64336,100.5203,100.2633
5/1/1995,38.77,35,18.42,25.33,1.64,90.4,385.22,5.56,2773.31,28.38,38.35,45.19,59.23,56.73,99.5333,100.5045,100.0119
6/1/1995,40.77,34.89,17.36,24.27,1.62,90.7,387.56,5.36,2994.64,28.38,35.95,46.81,59.71,56.07,99.49946,100.578,99.87553
7/1/1995,41.05,36.15,16.08,22.71,1.44,92.5,386.23,5.16,3075.67,28.38,33.43,48.51,60.99,55.56,99.51804,100.6453,99.85631
8/1/1995,40.88,35.7,16.47,23.27,1.56,91.8,383.67,5.4,3036.84,28.38,35.39,48.8,60.47,55.75,99.5484,100.6356,99.78252
9/1/1995,40.93,35.93,16.82,23.74,1.64,91.7,383.06,5.43,2915.52,28.38,36.63,46.27,59.5,55.76,99.55607,100.528,99.68525
10/1/1995,40.97,35.75,16.12,23.15,1.77,93,383.14,5.37,2813.55,28.38,35.01,44.58,59.78,55.64,99.54227,100.4435,99.54663
11/1/1995,39.59,36.07,16.74,24.1,2.04,91.4,385.31,5.32,2977.36,28.38,36.47,45.5,60.42,56.5,99.51635,100.3925,99.39935
12/1/1995,39.35,35.01,17.87,26.16,2.71,91.3,387.44,5.18,2926.26,28.38,39.14,45.1,59.89,59.2,99.48759,100.3845,99.28677
1/1/1996,39.37,34.75,17.8,26.39,2.93,89.9,399.45,5.46,2616.41,30,39.28,42.8,59.19,58.71,99.46734,100.3847,99.21399
2/1/1996,39.28,34.25,17.7,28.21,4.4,91.9,404.76,5.66,2537.71,30,39.08,42.63,59.99,60.53,99.47058,100.4012,99.18533
3/1/1996,39.01,32.92,19.4,28.07,2.95,92.2,396.21,5.52,2561.02,30,43.12,43.03,60.09,60.49,99.5009,100.4413,99.20331
4/1/1996,39.33,33.67,20.66,28.72,2.23,91.1,392.85,5.42,2595.78,30,46.37,42.9,61.74,61.41,99.55082,100.4163,99.26534
5/1/1996,38.2,33.28,19.06,26.83,2.24,93.1,391.93,5.37,2658.26,30,42.87,43.23,62.53,60.7,99.60712,100.3682,99.35122
6/1/1996,38.2,32.4,18.51,26.57,2.49,91.7,385.27,5.16,2173.4,30,41.7,39.22,60.21,59.06,99.65865,100.3793,99.48109
7/1/1996,38.4,32.1,19.59,27.7,2.48,90.5,383.47,5.07,1985.57,30,43.72,37.76,59.08,59.73,99.70497,100.4236,99.5535
8/1/1996,38.35,32.03,20.44,28.03,2.03,92.6,387.35,5.14,2008.57,30,44.89,37.91,58.73,59.51,99.75227,100.4719,99.62886
9/1/1996,38.1,33.38,22.26,29.71,1.84,90.9,383.14,5.04,1941.45,30,49.56,36.94,57.26,58.99,99.80524,100.5072,99.68435
10/1/1996,37.6,34.25,23.61,31.91,2.37,90.5,381.07,4.93,1961.17,30,52.76,36.01,55.58,59.77,99.85934,100.5411,99.75583
11/1/1996,35.7,34.14,22.39,31.41,3.03,91.3,377.85,4.83,2230.86,30,49.66,38.81,56.36,60.48,99.91035,100.5522,99.86983
12/1/1996,35.35,35.04,23.62,33.75,3.82,90.7,369,4.83,2268.08,30,52.99,39.43,56.24,63.22,99.96859,100.5339,100.0064
1/1/1997,35.23,34.57,23.23,32.62,3.31,92.9,355.11,4.77,2434.93,30.15,53.34,41.51,58.16,62.32,100.037,100.5587,100.1224
2/1/1997,34.6,33.8,20.42,28.17,2.22,91.3,346.58,5.07,2405.85,30.15,48.07,41.81,59.19,59.4,100.1226,100.6366,100.2157
3/1/1997,34.5,33.4,19.33,26.54,1.89,92.8,351.81,5.2,2421.29,30.15,45.69,42.75,60.68,58.59,100.2197,100.7332,100.3128
4/1/1997,35.4,32.99,17.88,25.17,2.03,95,344.47,4.77,2391.18,30.15,42.52,41.43,59.89,56.75,100.3235,100.8399,100.4082
5/1/1997,35.73,32.53,19.37,27.03,2.24,91.7,343.84,4.75,2514.33,30.15,45.59,43.02,60.47,58.14,100.4255,100.9575,100.5398
6/1/1997,34.5,32.28,17.92,25.38,2.2,92.6,340.76,4.76,2612.62,30.15,42.04,42.72,58.9,55.79,100.5226,101.0726,100.6602
7/1/1997,35,31.27,18.33,25.78,2.19,91.5,324.1,4.37,2450.46,30.15,43.43,42.42,57.12,55.24,100.6031,101.1558,100.7713
8/1/1997,36.93,31.03,18.7,26.61,2.47,91.6,324.01,4.5,2251.2,30.15,45.01,43.06,56.71,55.49,100.6516,101.1712,100.7936
9/1/1997,37.15,29.88,18.66,27.08,2.84,91.9,322.82,4.73,2107.3,30.15,44.67,41.01,55.65,55.53,100.6664,101.1704,100.767
10/1/1997,37.15,29,20.04,28.78,3.04,91.3,324.87,5.03,2052.26,30.15,47.63,39.95,54.56,56.23,100.6353,101.1547,100.7322
11/1/1997,33.6,27.69,19.09,27.58,3.02,91,306.04,5.08,1917.45,30.15,45.23,38.84,54.27,55.11,100.5637,101.1458,100.6586
12/1/1997,31.4,27.75,17.09,24.43,2.33,93.2,288.74,5.84,1762.33,30.15,41.28,36.96,53.17,53.85,100.4686,101.1401,100.5758
1/1/1998,31.4,27.5,15,21.89,2.1,88.2,289.1,5.89,1688.45,31,36.33,35.94,51.89,50.93,100.3686,101.211,100.4885
2/1/1998,33.44,26.76,14.1,21.16,2.22,90.2,297.49,6.81,1664.8,31,34.03,35.42,52.48,50.35,100.2698,101.2931,100.406
3/1/1998,31.88,26.74,13.12,20.05,2.23,89.7,295.94,6.24,1747.98,31,31.9,35.58,51.64,49.65,100.1653,101.3103,100.3169
4/1/1998,31.18,27.35,13.5,20.61,2.42,90.7,308.29,6.34,1800.9,31,32.29,35.73,51.91,50.7,100.0471,101.2926,100.1776
5/1/1998,30.28,27.63,14.03,20.74,2.14,90.2,299.1,5.58,1732.53,31,33.69,34.51,50.52,50.51,99.91241,101.2311,100.0168
6/1/1998,30,27.33,12.48,19.1,2.17,90.2,292.32,5.26,1660.52,31,30.36,33.14,48.58,48.34,99.7568,101.1555,99.87013
7/1/1998,30,26.55,12.7,19.27,2.17,89.9,292.87,5.46,1651.04,31,31,33.1,48.07,47.4,99.58765,101.0957,99.74066
8/1/1998,26.2,26.3,12.49,18.43,1.85,87.6,284.11,5.18,1620.93,31,30.54,32.85,47.12,45.96,99.41901,101.0236,99.58636
9/1/1998,27.09,26.43,13.8,20.07,2.01,87.3,288.98,5,1647.64,,32.8,33.29,47.42,46.76,99.28315,100.9637,99.40147
10/1/1998,27.1,26.08,13.26,19.25,1.89,88.8,295.93,5.01,1586.39,31,30.6,32.28,47.33,46.44,99.21661,100.9768,99.24586
11/1/1998,26.1,26.7,11.88,17.99,2.1,89.6,294.12,4.97,1573.95,31,27.71,32.26,47.86,45.83,99.24454,101.0953,99.17115
12/1/1998,26.1,26.7,10.41,15.93,1.74,91.4,291.68,4.88,1473.57,31,24.09,31.06,46.82,43.59,99.3541,101.2245,99.18813
1/1/1999,26.1,26.5,11.44,17.14,1.86,85.5,287.08,5.14,1431.18,27.59,26.14,30.1,46.44,44.43,99.52286,101.3879,99.27903
2/1/1999,26.1,26.38,10.75,16.28,1.77,89.2,287.33,5.53,1410.78,27.59,25.24,29.93,44.77,42.67,99.71601,101.4997,99.37156
3/1/1999,26.1,25.05,13.17,18.86,1.79,89.3,285.96,5.19,1378.35,27.59,30.59,29.87,43.89,43.64,99.90958,101.4998,99.43413
4/1/1999,26.1,25.05,15.87,22.18,2.15,89.9,282.62,5.06,1466,27.59,37.66,31.53,43.86,46.34,100.0991,101.4697,99.51131
5/1/1999,26.1,25.05,16.06,22.54,2.25,87.8,276.44,5.26,1511.16,27.59,38.77,32.51,44.18,47.2,100.2868,101.4675,99.63195
6/1/1999,26.1,25.25,16.39,22.97,2.3,88.2,261.31,5.03,1422.48,27.59,39.31,31.73,43.64,46.68,100.4678,101.4803,99.76312
7/1/1999,26.1,23.78,18.99,25.81,2.31,86.9,256.08,5.18,1640,27.59,45.41,34.25,43.34,48.2,100.639,101.4849,99.87332
8/1/1999,26.1,23.14,20.27,27.86,2.79,86.9,256.69,5.26,1647.62,27.59,48.05,35.02,44.34,50.45,100.7994,101.4975,100.0307
9/1/1999,26.1,22.5,22.7,30.21,2.54,85.9,264.74,5.21,1750.34,27.59,52.73,36.64,45.31,52.45,100.9538,101.5425,100.213
10/1/1999,25.6,22.5,21.95,29.77,2.72,86,310.72,5.41,1724.12,27.59,51.8,36.31,45.05,53.2,101.1077,101.6031,100.3593
11/1/1999,25.1,23.5,24.16,31.68,2.36,86.1,293.18,5.15,1727.55,27.59,57.07,36.56,45.06,53.97,101.2559,101.7057,100.4741
12/1/1999,25.1,22.58,25.1,32.77,2.36,85.4,283.07,5.16,1764.75,27.59,59.06,37.86,45.45,54.7,101.3836,101.8187,100.5564
1/1/2000,25.1,22.78,25.31,33.45,2.42,85.3,284.32,5.19,1843.98,28.79,59.62,40.05,46.47,56.26,101.4782,101.9384,100.6046
2/1/2000,25.1,23.62,27.22,35.85,2.65,84.7,299.86,5.25,1800.83,28.79,65.42,40,46.56,58.73,101.526,101.97,100.6444
3/1/2000,25.1,24.4,27.49,36.37,2.79,84.8,286.39,5.06,1739.39,28.79,66.34,38.79,45.8,59.18,101.5333,101.9423,100.6662
4/1/2000,25.1,24.94,23.47,32.48,3.03,85.9,279.69,5.06,1678.75,28.79,56.79,36.8,45.44,57.16,101.5016,101.9353,100.6515
5/1/2000,25.6,26.05,27.19,37.12,3.58,86.1,275.19,4.98,1785.62,28.79,67.35,37.67,45.64,60.1,101.4315,101.9256,100.6168
6/1/2000,25.6,27,29.62,40.69,4.28,85.1,285.73,5,1753.18,28.79,72.15,37.29,45.01,62.02,101.3309,101.8846,100.5764
7/1/2000,25.6,27,28.18,38.92,3.96,85.6,281.59,4.97,1799.36,28.79,68.97,38.18,44.56,60.55,101.2079,101.8643,100.5442
8/1/2000,25.6,27,29.26,40.69,4.41,83.3,274.47,4.89,1855.86,28.79,72.87,38.05,44.4,61.45,101.0576,101.803,100.4747
9/1/2000,27.15,27,32.08,44.65,5.06,83.5,273.68,4.89,1960.41,28.79,80.36,39.85,44.7,64.28,100.8687,101.6832,100.382
10/1/2000,27.15,28.18,31.4,44.02,5.02,83.6,270,4.83,1898.59,28.79,79.17,37.68,44.1,63.57,100.6316,101.5774,100.2665
11/1/2000,27.15,26.17,32.33,45.75,5.55,84.1,266.01,4.68,1795.11,28.79,81.7,36.62,43.52,64.65,100.3509,101.4396,100.1139
12/1/2000,30.75,34.7,25.2,42.76,8.95,85.1,271.45,4.64,1850.55,28.79,63.26,38.01,44.47,65.16,100.0395,101.2273,99.8941
1/1/2001,32.1,34.95,25.96,42.71,8.17,84.3,265.49,4.66,1787.5,30.03,64.56,38.3,44.64,64.68,99.72894,101.0256,99.65877
2/1/2001,32.1,34.35,27.24,40.72,5.63,90.1,261.87,4.56,1765.65,30.03,68.24,37.87,43.91,61.74,99.45322,100.878,99.44417
3/1/2001,32.6,35.5,25.02,37.75,5.16,89.5,263.03,4.4,1738.77,30.03,63.4,36.38,43.09,59.8,99.23028,100.8036,99.32371
4/1/2001,33.5,35.53,25.72,38.5,5.17,90.9,260.48,4.37,1664.16,30.03,65.63,35.82,42.45,60.16,99.06015,100.7595,99.2757
5/1/2001,33.8,34.75,27.55,39.14,4.21,93.8,272.36,4.43,1682.21,30.03,70.74,36.63,43.04,60.75,98.93329,100.7321,99.24407
6/1/2001,33.9,34.75,26.97,37.86,3.71,89.6,270.23,4.37,1608.45,30.03,69.92,35.1,42.57,59.19,98.82101,100.6905,99.23511
7/1/2001,34,34.35,24.8,34.45,3.1,92.8,267.53,4.25,1525.21,30.03,64.28,33.69,43.39,56.67,98.71735,100.5859,99.1967
8/1/2001,33.8,34.15,25.82,35.35,2.95,92,272.39,4.22,1464.43,30.03,65.64,32.67,43.02,56.84,98.62724,100.3938,99.05891
9/1/2001,32.8,33.06,25.21,33.6,2.15,92.1,283.42,4.35,1426.33,30.03,63.12,31.8,41.72,54.68,98.56918,100.1531,98.77074
10/1/2001,32.4,33.03,20.73,29.05,2.45,92.9,283.06,4.4,1377.28,30.03,52.57,30.65,39.89,51,98.58836,100.0358,98.51
11/1/2001,29.4,31.5,18.69,26.56,2.36,95.4,276.16,4.12,1427.73,30.03,47.77,31.62,40.97,48.73,98.7012,100.0915,98.50986
12/1/2001,27.35,30.45,18.52,26.31,2.41,92.5,275.85,4.37,1471.74,30.03,47.55,32.08,41.28,48.44,98.89066,100.2684,98.65974
1/1/2002,27.35,29.7,19.15,26.6,2.25,95.3,281.51,4.51,1503.96,29.31,49.58,32.82,41.6,49.08,99.11524,100.4445,98.91727
2/1/2002,28.1,28.95,19.98,27.57,2.31,94.5,295.5,4.42,1561.9,29.31,52.03,33.04,41.68,50,99.33646,100.5916,99.26852
3/1/2002,27.8,28.35,23.64,32.38,3.03,94.6,294.06,4.54,1604.88,29.31,61.34,33.98,42.6,54.37,99.5069,100.7212,99.56858
4/1/2002,27.09,26.83,25.43,34.69,3.42,94.4,302.68,4.58,1590.33,29.31,65.64,33.63,42.57,56.05,99.5835,100.7676,99.73206
5/1/2002,26.88,25.75,25.67,35.04,3.49,94.4,314.49,4.7,1595.68,29.31,65.23,33.17,42.87,56.17,99.55694,100.7572,99.7765
6/1/2002,24.9,24.38,24.49,33.37,3.22,93.7,321.18,4.9,1647.53,29.31,61.09,33.7,44.17,55.13,99.44313,100.6438,99.7243
7/1/2002,23.15,22.73,25.75,34.39,2.98,93.9,313.29,4.92,1589.46,29.31,62.78,33.28,45.11,56.64,99.27956,100.487,99.59242
8/1/2002,22.25,21.25,26.78,35.6,3.09,93.4,310.26,4.54,1479.55,29.31,65.72,31.83,45.16,56.91,99.10494,100.3421,99.53022
9/1/2002,22.7,23.08,28.28,37.9,3.57,92.8,319.14,4.55,1478.71,29.31,69.38,31.95,46.23,59.14,98.9418,100.2023,99.54897
10/1/2002,24.5,27.35,27.53,38.01,4.12,93.4,316.56,4.4,1483.76,29.31,67.74,32.17,46.39,60.34,98.80291,100.0409,99.58109
11/1/2002,24.5,26.98,24.54,34.74,4.04,93.6,319.07,4.51,1582.29,29.31,60.4,33.66,46.31,58.28,98.69022,99.92973,99.59968
12/1/2002,24.5,26.94,27.89,39.24,4.74,93.1,331.92,4.63,1595.68,29.31,67.45,33.78,46.95,61.61,98.5871,99.80294,99.57329
1/1/2003,24.9,27.46,30.75,43.34,5.41,93.2,356.86,4.81,1647.66,31.95,72.89,34.72,47.56,65.61,98.48661,99.62698,99.42159
2/1/2003,25.15,27,32.88,48.77,7.77,93.4,358.97,4.66,1683.8,31.95,77.81,35.71,47.99,70.73,98.40512,99.48821,99.22579
3/1/2003,24.4,25.75,30.36,43.67,5.95,93.7,340.55,4.53,1658.98,31.95,71.81,35.09,47.35,66.24,98.37683,99.49697,99.08135
4/1/2003,23.45,23.83,25.56,37.78,5.29,94.8,328.18,4.49,1587.48,31.95,60.68,33.76,46.49,62.2,98.42998,99.72215,99.10405
5/1/2003,23.3,23.65,26.06,39.04,5.84,94.6,355.68,4.74,1648.28,31.95,60.03,35.12,46.75,63.33,98.55801,99.96192,99.21029
6/1/2003,24.1,26.75,27.92,40.98,5.77,94.4,356.35,4.53,1686.5,31.95,63.94,35.69,46.68,64.6,98.74995,100.101,99.3086
7/1/2003,24.35,29.5,28.59,40.7,5.01,94,351.02,4.8,1710,31.95,66.28,36.21,46.45,63.58,98.99096,100.1598,99.45904
8/1/2003,25.33,30.19,29.68,41.82,4.97,94.1,359.77,4.99,1760.28,31.95,69.46,36.9,47.29,64.72,99.26125,100.1605,99.66692
9/1/2003,26.7,34.14,26.88,38.43,4.61,94.7,378.95,5.17,1789.52,31.95,62.54,36.8,48.26,64.73,99.54562,100.1771,99.87236
10/1/2003,27.5,36.69,29.01,40.73,4.64,95,378.92,5,1920.54,31.95,65.68,38.83,50.76,67.7,99.82312,100.2517,100.1274
11/1/2003,29.91,39.19,29.12,40.83,4.53,95.2,389.91,5.18,2055.43,31.95,65.81,40.4,52.09,67.64,100.0694,100.3851,100.4061
12/1/2003,34,38.69,29.97,44.06,6.13,95.8,406.95,5.63,2201.29,31.95,66.16,42.73,52.96,70.8,100.2688,100.5184,100.6086
1/1/2004,37.75,41.25,31.37,45.64,6.09,99.8,413.79,6.3,2423.57,37.9,68.05,45.87,54.99,73.38,,100.6503,100.7131
2/1/2004,41.75,42.25,31.33,44.87,5.38,100.9,404.88,6.44,2759.53,37.9,67.85,48.75,56.74,73.12,100.5111,100.6397,100.8024
3/1/2004,48.94,42.5,33.67,47.72,5.4,101.3,406.67,7.23,3008.72,37.9,74.06,49.26,58.27,75.89,100.5605,100.6041,100.8809
4/1/2004,53.25,47.25,33.71,48.42,5.72,103.1,403.26,7.15,2948.73,37.9,74.83,49.42,58.05,76.89,100.5735,100.5695,100.9568
5/1/2004,56.44,52.56,37.56,53.51,6.34,103.5,383.78,5.87,2733.5,37.9,83.74,46.47,56.5,80.03,100.5609,100.5443,100.9647
6/1/2004,59.55,62.55,35.54,51.46,6.27,103.8,392.37,5.86,2686.71,37.9,78.65,47.8,56.1,78.5,100.5298,100.5874,100.8914
7/1/2004,61.38,68.5,37.89,53.75,5.93,104.4,398.09,6.31,2808.43,37.9,83.3,49.34,55.94,79.79,100.4851,100.6494,100.8275
8/1/2004,59.25,63.63,42.08,57.47,5.4,104.6,400.51,6.66,2846.1,37.9,93.07,48.79,55.35,81.09,100.4338,100.6618,100.7938
9/1/2004,55.38,61,41.6,56.49,5.14,106.5,405.28,6.4,2894.86,37.9,91.88,49.28,55.4,80.72,100.3933,100.6393,100.7711
10/1/2004,56.63,59.69,46.88,64.09,6.41,107.3,420.46,7.1,3012.24,37.9,102.44,51.65,55.7,86.51,100.3658,100.6337,100.7075
11/1/2004,52.83,60.75,42.13,58.46,6.09,107.2,439.38,7.49,3122.8,37.9,90.04,52.1,55.95,83.85,100.3465,100.676,100.6409
12/1/2004,52.25,54.29,39.04,55.82,6.58,107.1,442.08,7.09,3145.45,37.9,82.11,52.66,56.22,82.7,100.3193,100.7536,100.6016
1/1/2005,53.05,51.42,42.97,59.72,6.15,113.3,424.03,6.62,3170,65,91.41,56.4,57.71,85.7,100.2701,100.8099,100.5298
2/1/2005,49.9,46.63,44.82,61.56,6.14,114.1,423.35,7.03,3253.7,65,94.73,57.94,59.37,87.74,100.1951,100.7875,100.4025
3/1/2005,50.93,45.3,50.94,69.25,6.97,117.8,433.85,7.23,3379.49,65,108.14,60.22,62.3,94.68,100.1096,100.6745,100.2553
4/1/2005,51.25,46.25,50.64,69.37,7.15,119.1,429.23,7.12,3394.48,65,108.67,59.05,61.13,94.3,100.0365,100.5531,100.0957
5/1/2005,51.31,45.88,47.83,65.48,6.47,118.8,421.87,7.02,3249.1,65,103.67,56.65,60.28,91.81,100.0002,100.5103,100.011
6/1/2005,51,49.13,53.89,72.9,7.19,118.6,430.66,7.31,3524.07,65,119.08,57.62,60.27,95.73,100.0198,100.5475,100.0551
7/1/2005,50.9,51.31,56.37,76.41,7.63,118.8,424.48,7.01,3614.21,65,126.04,57.77,60.16,98.12,100.088,100.4989,100.174
8/1/2005,49.13,49.5,61.89,84.94,9.63,118.8,437.93,7.03,3797.75,65,136.7,60.14,60.35,104.01,100.1941,100.2851,100.3032
9/1/2005,45.25,46.63,61.69,88.81,12.88,119,456.05,7.15,3857.84,65,136.43,60.04,60.78,107.88,100.3302,100.0288,100.4662
10/1/2005,42.46,43.25,58.19,86.14,13.52,119.5,469.9,7.67,4059.76,65,130.48,61.68,61.95,107.44,100.4917,99.99939,100.5214
11/1/2005,38.06,38.08,55.04,78.63,10.43,120.8,476.67,7.87,4269.34,65,125.09,64.36,62.47,101.49,100.6643,100.2158,100.5089
12/1/2005,38.23,41,56.43,83.26,12.83,120,510.1,8.63,4576.78,65,127.72,69.37,64.8,106.44,100.8279,100.5095,100.4813
1/1/2006,43.19,44.66,62.46,84.74,8.66,126.1,549.86,9.14,4734.33,67.2,139.48,73.13,67.25,108.2,100.9696,100.7004,100.4661
2/1/2006,47.7,49.4,59.7,80.51,7.49,126.2,555,9.53,4982.4,65.2,134.83,75.58,69.43,106.4,101.0832,100.7318,100.5144
3/1/2006,49.75,54.5,60.93,81.15,6.9,127,557.09,10.38,5102.85,66.7,137.27,76.35,69.02,107.09,101.1645,100.6908,100.5844
4/1/2006,52.88,54.88,67.97,89.22,7.09,127.4,610.65,12.61,6387.78,67.3,151.89,87.8,72.9,115.93,101.2084,100.5909,100.6457
5/1/2006,52.6,50.4,68.68,88.81,6.2,127.5,675.39,13.38,8045.86,67.3,149.63,101.27,78.59,120.1,101.2174,100.4382,100.6275
6/1/2006,52.38,52.38,68.29,88.4,6.19,127.3,596.15,10.8,7197.61,69.3,149.83,91.46,74.56,117.4,101.2151,100.364,100.5908
7/1/2006,52.75,51.68,72.45,93.07,6.25,126.8,633.71,11.23,7712.1,70.5,158.95,97.17,76.91,121.86,101.2236,100.3423,100.5957
8/1/2006,50.94,53.59,71.81,93.37,7,126.7,632.59,12.19,7695.66,69.8,156.6,98.01,77.22,122.53,101.2626,100.3673,100.5912
9/1/2006,47.1,48.75,62.12,80.09,4.86,127.2,598.19,11.68,7602.36,70,136.17,97.79,76.73,112.81,101.3339,100.4998,100.5625
10/1/2006,44.05,49.21,57.91,76.95,5.96,127,585.78,11.56,7500.39,71.7,127.44,101.7,79.02,110.89,101.4278,100.6923,100.5395
11/1/2006,46,48.2,58.14,79.26,7.45,126.6,627.83,12.93,7029.18,73.5,126.58,101.07,80.43,113.51,101.5305,100.8001,100.5584
12/1/2006,49.75,50.69,60.99,81.31,6.58,127.2,629.79,13.28,6675.11,73.5,131.15,101.77,81.48,115.61,101.6316,100.8446,100.6108
1/1/2007,51.29,50.14,53.52,73.21,6.58,128.8,631.17,12.84,5669.66,78.2,116.85,96.83,80.47,111.17,101.7208,100.8546,100.6406
2/1/2007,52.9,51.64,57.56,79.39,7.97,129.8,664.75,13.91,5676.45,82.66,124.72,98.69,82.45,116.98,101.8011,100.7939,100.693
3/1/2007,55.38,53.48,60.6,81.55,7.12,131.8,654.9,13.18,6452.48,88.55,130.38,104.59,84.4,119.73,101.8717,100.7219,100.7465
4/1/2007,56.12,51.36,65.06,86.79,7.59,131.4,679.37,13.72,7766.47,91.26,138.96,114.38,87.87,126.59,101.9321,100.7039,100.7915
5/1/2007,56,50.25,65.16,86.92,7.61,130.1,667.31,13.15,7681.42,102.02,139.33,116.38,89.58,126.98,101.9764,100.7257,100.8191
6/1/2007,61.6,56.78,68.19,90.04,7.3,130.4,655.66,13.14,7474.38,103.21,146.3,110.02,89.53,127.36,101.9901,100.7104,100.8202
7/1/2007,67.31,58.06,73.6,94.75,6.22,130.9,665.38,12.91,7972.57,106.09,155.94,111.06,90.65,129.84,101.9658,100.677,100.7437
8/1/2007,69.35,60.18,70.13,91.23,6.2,130.4,665.41,12.33,7513.5,121.89,148.7,105.49,89.28,125.61,101.9002,100.5432,100.6368
9/1/2007,68.44,62.81,76.76,98.29,6.1,130.6,712.65,12.83,7648.98,148.65,161.06,108.18,92.55,131.89,101.8052,100.3688,100.5427
10/1/2007,74.81,73.12,81.97,105.43,6.8,130.4,754.6,13.67,8008.44,168.11,170.51,114.42,96.13,139.52,101.6935,100.1546,100.4723
11/1/2007,84.6,89.75,91.34,116.56,7.14,131,806.25,14.7,6966.71,195.09,186.79,112.14,97.35,147.88,101.5661,99.90858,100.4154
12/1/2007,91,94.25,89.52,114.95,7.15,131.7,803.2,14.3,6587.67,190.12,184.68,105.31,97.44,147.88,101.4282,99.70879,100.3286
1/1/2008,91.75,100.62,90.69,118.02,8,138.1,889.6,15.91,7061.02,193.37,185.82,109.55,102.3,154.73,101.2722,99.50313,100.2474
2/1/2008,132,115,93.39,123.63,8.55,139.4,922.3,17.57,7887.69,186.12,190.65,117.66,110.26,161.64,101.0784,99.21002,100.138
3/1/2008,118.25,111,101.84,133.28,9.4,141.8,968.43,19.32,8439.29,197.12,202.05,126.26,118.14,171.7,100.8429,98.86734,100.0591
4/1/2008,123,108.75,108.76,142.49,10.13,164.8,909.71,17.5,8684.93,195.95,215.5,125.45,119.84,178.12,100.5581,98.46002,99.97285
5/1/2008,133.2,120.7,122.63,159.36,11.23,165.5,888.66,17.06,8382.75,192.95,245.1,121.31,119.78,190.17,100.2045,98.07996,99.89787
6/1/2008,159.75,142.38,131.52,172.17,12.68,165.6,889.49,16.97,8260.6,183.93,263.49,117.98,121.24,199.76,99.76379,97.81037,99.8121
7/1/2008,180,167.75,132.83,173.43,11.15,170.9,939.77,18.03,8414.04,180.5,264.61,118.91,121.45,202.96,99.22257,97.75302,99.62215
8/1/2008,158.4,156.9,114.57,149.29,8.25,171.2,839.03,14.64,7634.7,178.74,234.58,109.9,113.46,181.22,98.57865,97.83548,99.23445
9/1/2008,150,147.75,99.66,132.41,7.69,172.6,829.93,12.37,6990.86,139.64,208.16,98.02,106.3,165.99,97.84644,97.84396,98.55576
10/1/2008,108,109.7,72.69,100.92,6.73,172.8,806.62,10.44,4925.7,88.67,155.62,72.29,86.75,135.77,97.08173,97.59595,97.73413
11/1/2008,92.25,89.38,53.97,80.02,6.67,172.8,760.86,9.87,3717,64.95,117.93,58.71,77.59,115.22,96.38583,97.36594,96.99966
12/1/2008,78.65,77.25,41.34,64.46,5.79,171.4,816.09,10.29,3071.98,69.98,87.29,50.63,72.78,102.65,95.8466,97.23219,96.48619
1/1/2009,79.4,76.4,43.86,65.56,5.24,181.4,858.69,11.27,3220.69,72.51,93.86,51.69,76.38,105.6,95.51506,97.1627,96.25574
2/1/2009,75.38,69.06,41.84,60.65,4.52,188.3,943,13.41,3314.73,75.59,91.37,51.01,75.28,101.86,95.41791,97.16191,96.17819
3/1/2009,61,58.56,46.65,64.22,3.95,190.8,924.27,13.12,3749.75,64.07,102.36,51.82,74.85,101.84,95.55918,97.34981,96.31693
4/1/2009,63.56,62.88,50.28,66.32,3.5,192.5,890.2,12.48,4406.55,59.78,109.58,56.74,77.94,104.1,95.91297,97.73715,96.70417
5/1/2009,64.5,58.03,58.15,74.93,3.81,184.8,928.65,13.98,4568.63,62.69,124.15,59.43,82.11,112.62,96.41034,98.12835,97.15779
6/1/2009,71.38,60.2,69.15,86.92,3.8,183.7,945.67,14.65,5013.96,71.66,145.27,65.57,84.09,121.7,96.9865,98.43034,97.60129
7/1/2009,73.8,61.1,64.67,81.07,3.39,185.6,934.23,13.36,5215.54,83.95,135.32,69.67,82.79,117.23,97.58572,98.62524,98.04459
8/1/2009,72.5,64.25,71.63,88.28,3.15,182.9,949.38,14.36,6165.3,97.67,148.97,81.63,87.78,123.84,98.16587,98.811,98.42657
9/1/2009,67.64,61.13,68.35,84.45,2.96,184.5,996.59,16.39,6196.43,80.71,140.53,77.94,86.08,120.24,98.69651,99.01612,98.6922
10/1/2009,71.07,64.35,74.08,92.43,4.02,184.3,1043.16,17.24,6287.98,86.79,151.23,80.53,87.91,127.66,99.15288,99.11696,98.93219
11/1/2009,78.8,66.44,77.55,96.18,3.69,184.1,1127.04,17.82,6675.6,99.26,157.29,84.7,90.9,132.48,99.53308,99.1561,99.1474
12/1/2009,83.1,73.8,74.88,95.86,5.37,185.7,1134.72,17.64,6981.71,105.07,153.71,90.29,93.26,135.06,99.84742,99.23299,99.41904
1/1/2010,97,86.94,77.12,99.92,5.81,190.2,1117.96,17.75,7386.25,125.72,160.03,96.58,96.11,140.84,100.0978,99.32477,99.72912
2/1/2010,94.19,83.36,74.76,96.68,5.34,190.8,1095.41,15.87,6848.18,127.49,157.63,91.11,92.68,137.59,100.2831,99.36591,100.0092
3/1/2010,94.38,82.96,79.3,100.24,4.29,191.5,1113.34,17.11,7462.83,139.69,168.42,99.42,94.2,142.18,100.412,99.38091,100.2812
4/1/2010,100.15,88.7,84.18,104.68,4.01,191.9,1148.69,18.06,7745.08,172.47,179.93,108.15,97.9,150.05,100.4771,99.36728,100.4252
5/1/2010,100.13,90.94,75.62,95.61,4.16,192.7,1205.43,18.43,6837.68,161.35,165.69,96.02,93.39,141.47,100.4909,99.33441,100.4244
6/1/2010,98.19,92.81,74.73,95.57,4.79,193.6,1232.92,18.45,6499.3,143.63,165.14,89.09,91.29,138.47,100.4817,99.29585,100.3773
7/1/2010,95.98,90.61,74.58,95.31,4.63,193.4,1192.97,17.96,6735.25,126.36,160.71,89.2,93.53,138.65,100.4841,99.21966,100.3907
8/1/2010,89.78,87.9,75.83,96.14,4.31,194.8,1215.81,18.39,7283.95,145.34,162.19,97.59,99.11,142.48,100.5226,99.18461,100.4442
9/1/2010,94.9,85.82,76.12,96.06,3.9,193.2,1270.98,20.55,7709.3,140.63,161.72,100.64,102.93,145.09,100.5992,99.1721,100.534
10/1/2010,97.45,90.99,81.72,101.57,3.43,193.3,1342.02,23.39,8292.41,148.48,168.87,108.27,108.83,152.93,100.702,99.21819,100.6809
11/1/2010,107.16,103.2,84.53,105.56,3.73,193.7,1369.89,26.54,8469.89,156.1,175.61,109.43,112.51,158.21,100.8199,99.32922,100.8616
12/1/2010,118.29,115.24,90.01,112.67,4.24,193.9,1390.55,29.32,9147.26,163.1,190.3,114.52,117.53,167.19,100.9299,99.40598,101.039
1/1/2011,132.48,122.62,92.69,117.04,4.49,206.7,1360.46,28.51,9555.7,179.18,194.39,120.81,123.2,173.31,101.0053,99.4071,101.1602
2/1/2011,128.36,117.74,97.91,121.81,4.07,209.7,1374.68,30.78,9867.6,187.18,202.93,125.82,128.5,179.83,101.016,99.32072,101.2052
3/1/2011,126.13,121,108.65,133.09,3.97,211.4,1423.26,35.81,9503.36,169.36,223.07,121.37,124.18,185.77,100.9459,99.10523,101.1441
4/1/2011,122.5,124.03,116.24,141.94,4.24,212.6,1480.89,42.7,9492.79,179.33,236.05,124.29,126.48,195.13,100.8003,98.96832,100.9742
5/1/2011,119.12,120.46,108.07,133.14,4.31,210.2,1512.58,37.34,8959.9,177.05,219.71,118.49,122.71,188.04,100.5899,98.93889,100.7248
6/1/2011,120.09,119.01,105.85,131.17,4.55,211.3,1529.36,35.8,9066.85,170.88,214.77,116.98,122.29,186.24,100.3372,98.83205,100.5282
7/1/2011,120.75,116.27,107.92,133.73,4.41,209.9,1572.75,37.92,9650.46,172.98,219.52,120.99,123.2,188.78,100.0705,98.5782,100.3267
8/1/2011,120.13,118.27,100.49,125.22,4.05,211.6,1759.01,40.33,9000.76,177.5,203.03,114.77,121.72,184.37,99.82104,98.29276,100.1549
9/1/2011,123.09,115.62,100.82,125.51,3.9,213.3,1772.14,38.15,8300.14,177.23,208.9,109.08,118.98,182.3,99.633,98.18367,100.0164
10/1/2011,119.39,110.88,99.85,124.17,3.57,211.9,1666.43,31.97,7394.19,150.43,206.16,98.39,111.72,175.73,99.53265,98.21989,99.91321
11/1/2011,113.78,105.47,105.41,129.4,3.24,212.4,1739,33.08,7581.02,135.54,218.33,95.84,108.62,178.09,99.51232,98.37048,99.88139
12/1/2011,111.56,104.19,104.23,128.02,3.16,213.3,1639.97,30.3,7565.48,136.39,218.88,95.08,105.65,174.84,99.54459,98.5735,99.92494
1/1/2012,116.46,106.26,107.07,130.63,2.68,218.4,1654.05,30.65,8040.47,140.26,225.89,100.5,108.49,177.69,99.59196,98.79015,100.0064
2/1/2012,117.02,105.3,112.69,136.24,2.52,216.6,1744.82,34.14,8441.49,140.4,236.12,104.01,111.24,183.11,99.6186,98.94434,100.0875
3/1/2012,107.46,103.43,117.79,141.24,2.17,216.2,1675.95,32.95,8470.78,144.66,248.16,103.54,112.02,187.29,99.60413,99.02469,100.1079
4/1/2012,103.59,101.33,113.67,136.12,1.95,215.3,1649.2,31.53,8289.48,147.64,239.28,100.95,111.65,184.25,99.54294,99.03513,100.0376
5/1/2012,95.83,93.77,104.09,126.28,2.44,216.3,1589.04,28.72,7955.64,136.61,220.83,96.63,109.24,173.35,99.44508,99.00393,99.86166
6/1/2012,87.19,85.31,90.73,111.53,2.46,216.8,1598.76,27.98,7423.02,134.66,194.36,91.63,105.69,162.08,99.32912,98.89916,99.65887
7/1/2012,88.24,87.33,96.75,118.55,2.95,213.4,1594.29,27.43,7584.26,127.94,208.47,91.19,110.6,167.37,99.22088,98.82647,99.52667
8/1/2012,91,89.11,105.27,127.65,2.84,211.3,1630.31,28.8,7515.53,107.5,225.86,87.65,109.41,172.03,99.14251,98.81521,99.44924
9/1/2012,88.96,85.82,106.28,128.53,2.84,214.6,1744.81,33.61,8087.74,99.47,224.39,93.59,111.23,173.76,99.10686,98.85213,99.40076
10/1/2012,81.85,82.8,103.41,125.88,3.32,213.2,1746.58,33.19,8062.03,113.95,217.89,94,109.23,172.18,99.11353,98.90729,99.34464
11/1/2012,85.89,85.74,101.17,124.08,3.54,215.8,1721.64,32.77,7711.23,120.35,214.74,92.42,107.13,169.86,99.16305,98.90944,99.34997
12/1/2012,92.88,88.84,101.19,124.18,3.34,219.8,1684.76,31.87,7966.49,128.51,213.42,97.42,108.31,170.68,99.249,98.86373,99.45203
1/1/2013,92.77,86.13,105.1,128.41,3.33,213.8,1671.85,31.06,8047.36,150.49,222.01,100.29,108.75,174.86,99.35722,98.92921,99.59609
2/1/2013,94.94,85.13,107.64,131.22,3.33,213.4,1627.57,30.33,8060.93,154.64,228.81,101.34,108.43,176.4,99.47528,99.04315,99.70638
3/1/2013,90.98,82.77,102.52,126.22,3.81,212,1593.09,28.79,7645.58,139.87,221.55,94.55,104.82,171.81,99.5872,99.14634,99.69917
4/1/2013,87.76,82.02,98.85,123.13,4.17,214.4,1487.86,25.36,7234.28,137.39,213.31,90.73,101.84,168.5,99.69083,99.24324,99.64236
5/1/2013,87.71,81.79,99.37,123.21,4.04,218.4,1414.03,23.04,7249.41,124.01,215.01,88.32,102.35,167.46,99.79935,99.38911,99.65812
6/1/2013,82.75,77.29,99.74,122.94,3.83,212.3,1343.35,21.11,7000.24,114.82,213.78,85.41,100.95,165.08,99.91107,99.49796,99.77023
7/1/2013,77.26,72.64,105.26,128.12,3.62,211.5,1285.52,19.71,6906.64,127.19,226.91,85.67,99.59,167.25,100.0236,99.56384,99.92386
8/1/2013,76.96,72.91,108.16,130.93,3.43,211.7,1351.74,21.89,7192.92,137.06,230.85,89.64,99.32,169.9,100.1354,99.54226,100.0901
9/1/2013,77.61,73.1,108.76,131.6,3.62,210.7,1348.6,22.56,7159.27,134.19,231.74,88.15,98.16,169.23,100.2383,99.46774,100.2176
10/1/2013,79.41,80.65,105.43,128.29,3.67,207.8,1316.58,21.92,7203.02,132.57,222.32,89.07,98.7,166.46,100.3267,99.40244,100.2943
11/1/2013,82.25,83.82,102.63,125.38,3.62,211.8,1275.86,20.76,7070.65,136.32,217.61,87.82,97.98,164.74,100.3958,99.4372,100.3437
12/1/2013,84.34,84.62,105.48,129.48,4.24,211.3,1221.51,19.67,7214.9,135.79,222.57,88.71,98.53,168.34,100.4375,99.52905,100.3293
1/1/2014,81.61,82.9,102.1,126.38,4.7,211.2,1244.27,19.88,7291.47,128.12,216.11,88.08,97.63,167.17,100.457,99.57986,100.2841
2/1/2014,76.29,77.6,104.83,130.57,5.97,204.4,1299.58,20.85,7149.21,121.37,220.88,86.16,99.47,171.41,100.467,99.61139,100.3164
3/1/2014,73.34,74.6,104.04,127.93,4.88,208.1,1336.08,20.72,6650.04,111.83,218.15,82.98,99.91,170.25,100.4723,99.67596,100.3823
4/1/2014,72.82,75.06,104.87,128.41,4.63,206.2,1298.45,19.74,6673.56,114.58,219.95,85.48,100.19,171.53,100.4644,99.76915,100.438
5/1/2014,73.69,75.78,105.71,128.96,4.56,206.6,1288.74,19.34,6891.13,100.56,221.71,84.85,100.13,169.25,100.4446,99.81461,100.4594
6/1/2014,71.48,74.09,108.37,131.48,4.57,205.1,1279.1,19.89,6821.14,92.74,228.16,84.36,98.58,169.62,100.4211,99.82589,100.448
7/1/2014,68.75,71.44,105.23,126.93,4.01,200.5,1310.59,20.92,7113.38,96.05,221.56,88.18,98.27,166.32,100.4006,99.80952,100.4487
8/1/2014,68.94,71.19,100.05,121.2,3.88,200.8,1295.13,19.74,7001.84,92.61,212.79,88.03,97.34,160.83,100.3848,99.80693,100.4703
9/1/2014,65.94,67.86,95.85,116.62,3.92,200.2,1236.55,18.37,6872.22,82.38,207.61,85.07,94.22,155.53,100.3807,99.82882,100.477
10/1/2014,63.71,65.74,86.08,106.2,3.77,199.7,1222.49,17.16,6737.48,81.06,188.07,82.62,93.11,146.85,100.3809,99.87997,100.5065
11/1/2014,62.55,65.66,76.99,96.38,4.1,200.3,1175.33,15.97,6712.85,73.73,170.23,82.86,93.15,139.71,100.3821,99.97495,100.4827
12/1/2014,62.44,66.14,60.7,78.55,3.43,201.5,1200.62,16.3,6446.45,68.39,134.86,78.83,90.77,126.34,100.3836,100.1403,100.3879
1/1/2015,61.44,59.29,47.11,63.1,2.97,201.6,1250.75,17.24,5830.54,68.23,108.34,73.85,87.68,114.75,100.3861,100.308,100.3005
2/1/2015,69.05,63.48,54.79,70.87,2.85,199.6,1227.08,16.79,5729.27,62.75,126.23,72.37,86.14,118.12,100.3801,100.3983,100.2279
3/1/2015,64.76,59.92,52.83,68.42,2.8,202.2,1178.63,16.24,5939.67,58.05,123.82,71.78,84.5,114.13,100.36,100.4231,100.1757
4/1/2015,56.24,58.95,57.54,71.86,2.58,199.4,1198.93,16.34,6042.09,52.28,134.67,72.14,84.19,115.43,100.3239,100.4123,100.166
5/1/2015,61.19,61.63,62.51,77.58,2.84,201.7,1198.63,16.83,6294.78,60.3,144.43,74.64,84.87,119.24,100.2715,100.3557,100.1637
6/1/2015,58.96,60.71,61.31,76.08,2.77,199.9,1181.5,16.08,5833.01,62.63,141.63,70.31,83.55,117.12,100.2063,100.3176,100.1077
7/1/2015,59.9,57.9,54.34,68.78,2.83,195.6,1128.31,15.05,5456.75,52.39,126.59,65.75,82.31,110.48,100.1262,100.232,100.0228
8/1/2015,59.14,55.02,45.69,59.25,2.76,194.6,1117.93,14.94,5127.3,56.19,105.85,62.65,78.81,103.25,100.0411,100.1573,99.94552
9/1/2015,57.65,51.38,46.28,59.66,2.65,196.6,1124.77,14.75,5217.25,56.95,106.8,63.4,77.96,102.74,99.96792,100.1299,99.8858
10/1/2015,54.26,50.11,46.96,59.65,2.32,193.2,1159.25,15.81,5216.09,53.12,108.35,62.22,78.02,102.17,99.90924,100.2368,99.85703
11/1/2015,52.47,53.34,43.11,54.83,2.08,194.3,1086.44,14.45,4799.9,46.86,101.21,57.83,75.99,96.16,99.85161,100.3799,99.8344
12/1/2015,52.21,48.77,36.57,47.37,1.92,193.2,1075.74,14.13,4638.83,40.5,85.53,56.31,75.47,90.65,99.79031,100.4287,99.82569
1/1/2016,49.02,49.09,29.78,40.01,2.27,189.6,1097.91,14.11,4471.79,41.88,70.15,55.21,74.05,85.39,99.72761,100.3606,99.8426
2/1/2016,50.27,50.33,31.03,40.78,1.96,187.7,1199.5,15.17,4598.62,46.83,72.26,57.68,74.6,87.39,99.66822,100.2424,99.89754
3/1/2016,52.21,52.57,37.34,47.2,1.7,193.1,1245.14,15.47,4953.8,56.2,86.75,61.19,76.99,93.65,99.62872,100.1713,99.97057
4/1/2016,50.69,52.35,40.75,51.01,1.9,192,1242.26,16.36,4872.74,60.92,93.79,62,78.83,96.66,99.611,100.1736,100.0053
5/1/2016,51.31,54.24,45.94,56.75,1.92,198.5,1260.95,16.95,4694.54,55.13,105.65,59.98,79.95,100.54,99.60897,100.2371,100.0415
6/1/2016,52.85,58.59,47.69,59.77,2.57,198.7,1276.4,17.29,4641.97,51.98,109.86,60.26,81.65,103.15,99.62309,100.2447,100.0737
7/1/2016,61.24,62.39,44.13,56.63,2.79,192.3,1336.66,19.99,4864.9,57.26,103.17,63.49,81.38,102.82,99.65578,100.1968,100.049
8/1/2016,67.39,66.34,44.88,57.43,2.79,190.2,1340.17,19.59,4751.67,60.89,103.94,63.78,80.54,103.25,99.71385,100.1973,100.0001
9/1/2016,72.72,68.33,45.04,58.23,2.97,190.2,1326.61,19.36,4722.2,57.79,104.46,62.83,79.91,103.32,99.80199,100.2262,100.0607
10/1/2016,94.2,83.79,49.29,64.32,2.95,192.2,1266.55,17.66,4731.26,59.09,115.85,64.13,79.54,106.73,99.91355,100.2494,100.1698
11/1/2016,103.43,89.15,45.26,60.03,2.5,195.7,1238.35,17.41,5450.93,73.1,107.41,71.53,82.25,105.53,100.0394,100.3139,100.2948
12/1/2016,88.15,80.19,52.62,68.47,3.58,196,1157.36,16.43,5660.35,80.02,126.7,73.54,82.77,111.56,100.1619,100.379,100.414
1/1/2017,83.73,86.49,53.59,69.28,3.26,204.5,1192.1,16.9,5754.56,80.41,128.75,74.54,84.33,115.97,100.2643,100.3937,100.5331
2/1/2017,79.98,83.6,54.35,69.32,2.82,200.1,1234.2,17.93,5940.91,89.44,130.13,77.94,85.28,116.51,100.3456,100.4138,100.6753
3/1/2017,80.9,79.11,50.9,65.19,2.87,199.9,1231.42,17.63,5824.63,87.65,121.94,77.34,84.05,111,100.4109,100.4835,100.7468
4/1/2017,83.65,78.89,52.16,66.99,3.08,202.2,1266.88,18.03,5683.9,70.22,124.52,74.04,82.35,111.1,100.4683,100.5653,100.7709
5/1/2017,74.42,74.41,49.89,64.23,3.12,199.1,1246.04,16.75,5599.56,62.43,117.84,72.24,82.45,108.88,100.527,100.6251,100.8278
6/1/2017,81.09,79.2,46.17,60.21,2.94,198,1260.26,16.93,5719.76,57.48,108.21,71.71,81.67,105.67,100.5905,100.6482,100.9518
7/1/2017,87.49,81.69,47.66,62.19,2.96,197.3,1236.84,16.15,5985.12,67.74,110.83,75.39,83.03,108.45,100.6599,100.6818,101.0654
8/1/2017,98.58,87.84,49.94,65.29,2.88,197.8,1283.04,16.95,6485.63,76.07,114.85,81.56,83.8,111.28,100.7368,100.74,101.2051
9/1/2017,97.82,92.26,52.95,68.82,2.96,199,1314.07,17.43,6577.17,71.53,120.9,82.68,84.62,114.54,100.8116,100.7999,101.328
10/1/2017,97.11,91.43,54.92,70.85,2.87,198.9,1279.51,16.94,6807.6,61.66,126.43,83.39,84.46,116.08,100.8771,100.8762,101.3635
11/1/2017,96.64,91.39,59.93,76.63,2.99,199.7,1281.9,16.98,6826.55,64.24,138.15,83.46,84.82,120.83,100.925,100.8936,101.3739
12/1/2017,100.81,95.48,61.19,78.11,2.76,199.6,1264.45,16.17,6833.89,72.25,140.34,84.11,84.24,122.54,100.9512,100.8854,101.3853
1/1/2018,106.45,97.48,66.23,85.04,3.88,201,1331.3,17.13,7065.85,76.34,149.22,88.57,87.11,129.83,100.959,100.9014,101.3711
2/1/2018,105.95,92.68,63.46,80.54,2.67,202.2,1330.73,16.58,7006.52,77.46,141.81,88.61,88.26,127,100.9495,100.9376,101.3299
3/1/2018,96.66,89.5,64.17,80.89,2.69,203.1,1324.66,16.47,6799.18,70.35,143.34,84.47,87.86,126.58,100.9102,100.9482,101.2363
4/1/2018,93.69,92.32,68.79,85.91,2.76,202.1,1334.76,16.65,6851.51,65.75,153.86,86.45,89.54,128.54,100.8423,100.9185,101.1628
5/1/2018,105.29,101.89,73.43,91.75,2.78,204.6,1303.45,16.49,6825.27,66.1,167.08,86.79,89.73,133.35,100.758,100.8932,101.1549
6/1/2018,114.33,103.88,71.98,90.81,2.94,202.3,1281.57,16.54,6965.86,65.04,165.24,86.98,87.93,132.22,100.6595,100.888,101.1602
7/1/2018,119.57,106.02,72.67,91.69,2.8,202.6,1237.71,15.72,6250.75,64.56,167.92,79.77,84.13,130.47,100.5484,100.8946,101.1405
8/1/2018,117.34,98.48,71.08,90.38,2.96,201.5,1201.71,14.99,6051.05,67.15,165.28,78.12,82.7,128.26,100.4246,100.8508,101.1061
9/1/2018,114.16,102.14,75.36,95.63,3,202.3,1198.39,14.27,6050.76,68.44,174.66,77.44,81.15,132.7,100.2889,100.7899,100.9951
10/1/2018,108.73,100.34,76.73,96.87,3.29,204.1,1215.39,14.6,6219.59,73.41,179.06,79.35,82.29,133.71,100.1475,100.703,100.8543
11/1/2018,100.73,91.58,62.32,81.91,4.14,202.9,1220.65,14.35,6195.92,73.26,146.29,77.5,81.13,122.16,100.0122,100.6019,100.7301
12/1/2018,101.37,95.41,53.96,72.64,3.95,203.9,1250.4,14.77,6075.32,69.15,126.08,76.07,80.8,116.15,99.88594,100.5104,100.5583
1/1/2019,98.56,91.29,56.58,73.8,3.08,205.2,1291.75,15.62,5939.1,76.16,131.42,75.77,81.18,117.08,100.5104,100.4501,100.4232
2/1/2019,95.42,84.16,61.13,77.39,2.72,203,1320.07,15.82,6300.49,88.22,142.53,80.12,82.65,119.01,100.4501,100.5003,100.3042
3/1/2019,93.12,78.81,63.79,79.95,2.94,203.9,1300.9,15.3,6439.46,86.47,148.86,81.1,82.45,119.91,100.5003,100.5792,100.2192
4/1/2019,86.77,72.49,68.58,84.2,2.65,203.6,1285.91,15.06,6438.36,93.7,160.45,81.6,82.67,123.42,100.5792,100.6041,100.102
5/1/2019,82.32,68.93,66.83,81.79,2.63,201.5,1283.7,14.66,6017.9,100.15,157.12,78.65,81.18,120.48,100.6041,100.5758,99.9684
6/1/2019,72.49,62.94,59.76,73.06,2.4,203.2,1359.04,15.04,5882.23,108.94,139.92,78.53,82.59,115.53,100.5758,100.4881,99.8146
7/1/2019,72.08,65.79,61.48,74.86,2.36,203,1412.89,15.79,5941.2,120.24,144.45,81.03,82.56,117.97,100.4881,100.3662,99.64353
8/1/2019,65.55,60.43,57.67,70.38,2.23,202.6,1500.41,17.22,5709.44,93.07,136.17,76.05,79.32,112.71,100.3662,100.2271,99.50867
9/1/2019,65.95,61.37,60.04,73.61,2.58,201.6,1510.58,18.16,5759.25,93.08,142.33,77.32,79.57,114.81,100.2271,100.2133,99.40218
10/1/2019,69.2,67.44,57.27,70.9,2.33,203.5,1494.81,17.65,5757.3,88.53,135.55,76.46,80.28,113.02,100.2133,100.2969,99.39382
11/1/2019,66.99,73.62,60.4,74.62,2.65,198.6,1470.79,17.17,5859.95,84.98,142.6,76.22,82.29,116.91,100.2969,100.4424,99.44287
12/1/2019,66.18,76.03,63.35,76.93,2.24,199.7,1479.13,17.14,6077.06,92.65,149.22,77.47,83.86,119.91,100.4424,100.5439,99.49759
1/1/2020,69.66,82.09,61.63,74.44,2.02,193.1,1560.67,17.97,6031.21,95.76,145.14,77.7,84.34,119.55,100.5439,100.4862,99.47977
2/1/2020,67.64,79.99,53.35,64.96,1.9,192.8,1597.1,17.88,5687.75,87.68,126.53,73.02,81.25,111.02,100.4862,100.0884,99.15144
3/1/2020,66.74,67.89,32.2,42.06,1.78,192.4,1591.93,14.88,5182.63,88.99,76.22,68.71,78.18,93.87,100.0884,99.24226,98.41069
4/1/2020,58.55,56.58,21.04,29.35,1.73,191.5,1683.17,15.07,5057.97,84.73,50.45,65.55,76.07,84.15,99.24226,98.32549,97.59643
5/1/2020,52.49,57.42,30.38,38.81,1.75,194.9,1715.91,16.26,5239.83,93.65,72.25,68.01,76.62,91.37,98.32549,98.04079,97.52828
6/1/2020,52.21,56.81,39.46,48.34,1.62,193.6,1732.22,17.71,5754.6,103.3,92.83,73.68,79.78,99.79,98.04079,98.20473,98.1669
7/1/2020,51.56,56.6,42.07,51.28,1.74,192.5,1846.51,20.65,6372.46,108.52,98.08,79.09,81.93,103.84,98.20473,98.40843,98.1669
